0,1,2,3,4,5,6,7,8,9,10,11,12,13,14,15,16,17,18,19,20,21,22,23,24,25,26,27,28,29,30,31,32,33,34,35,36,37,38,39,40,41,42,43,44,45,46,47,48,49,50,51,52,53,54,55,56,57,58,59,60,61,62,63,64,65,66,67,68,69,70,71,72,73,74,75,76,77,78,79,80,81,82,83,84,85,86,87,88,89,90,91,92,93,94,95,96,97,98,99,100,101,102,103,104,105,106,107,108,109,110,111,112,113,114,115,116,117,118,119,120,121,122,123,124,125,126,127,128,129,130,131,132,133,134,135,136,137,138,139,140,141,142,143,144,145,146,147,148,149,150,151,152,153,154,155,156,157,158,159,160,161,162,163,164,165,166,167,168,169,170,171,172,173,174,175,176,177,178,179,180,181,182,183,184,185,186,187,188,189,190,191,192,193,194,195,196,197
65.62535095214844,617.0679321289062,442.67724609375,766.8624267578125,203.10491943359375,284.72308349609375,288.3713073730469,526.8594360351562,790.4413452148438,464.5796203613281,67.56452178955078,524.6980590820312,522.0897216796875,609.7587280273438,219.13803100585938,442.539306640625,351.9917297363281,528.6885986328125,607.1755981445312,534.3890991210938,578.1484375,332.84503173828125,788.059326171875,651.6161499023438,414.6544494628906,692.7965698242188,605.7925415039062,718.4706420898438,179.98089599609375,419.5624694824219,1008.3571166992188,703.4314575195312,1001.9307861328125,299.8512878417969,778.9779052734375,689.9996948242188,864.0445556640625,443.0117492675781,282.5273742675781,644.9605712890625,374.9533386230469,719.7527465820312,612.855712890625,597.3704833984375,949.7374877929688,748.1025390625,60.55562210083008,116.74513244628906,53.3488655090332,95.04545593261719,987.86181640625,740.8174438476562,576.72119140625,272.8877868652344,6.293165683746338,120.58756256103516,790.4828491210938,700.4285278320312,544.5159912109375,405.4049987792969,750.880615234375,606.8331909179688,936.8799438476562,518.8775634765625,222.51441955566406,578.4630126953125,685.6837158203125,452.18994140625,405.9713439941406,381.38671875,325.4957275390625,333.0712890625,825.3610229492188,442.2991638183594,818.940185546875,757.7234497070312,358.04510498046875,770.1052856445312,998.6455688476562,663.20068359375,533.4168090820312,765.9151611328125,286.87310791015625,763.0241088867188,145.8196258544922,141.7465362548828,297.75408935546875,754.6209716796875,357.1144714355469,404.85205078125,317.0724792480469,727.753173828125,654.953125,644.021484375,945.5152587890625,306.0228576660156,284.94830322265625,61.3233528137207,599.85693359375,261.05328369140625,771.4700317382812,672.5177001953125,1005.9356689453125,269.8482971191406,1004.2711791992188,287.55804443359375,928.7955322265625,202.407958984375,913.6752319335938,593.357666015625,665.0997314453125,561.1948852539062,122.53700256347656,731.0823974609375,701.0430297851562,410.45159912109375,978.8805541992188,238.7902374267578,992.4995727539062,402.8558654785156,213.70767211914062,735.67138671875,891.8049926757812,725.7772216796875,666.1346435546875,557.7852172851562,54.37544631958008,410.59576416015625,590.3773193359375,569.222412109375,925.0692749023438,580.8233642578125,312.82659912109375,401.9638977050781,482.4946594238281,651.61865234375,960.2423095703125,580.633056640625,387.3702087402344,724.7330932617188,681.9235229492188,356.3862609863281,767.6409301757812,678.3450317382812,32.28722381591797,561.9407958984375,738.5968017578125,385.9677429199219,134.8059539794922,613.7701416015625,175.68966674804688,344.9067687988281,984.581298828125,397.8932800292969,268.6473388671875,708.8172607421875,191.7916259765625,295.6160583496094,77.11992645263672,336.9394836425781,300.43505859375,715.6207885742188,710.9005737304688,308.40130615234375,11.755208015441895,535.6823120117188,660.73583984375,577.2310180664062,335.32275390625,264.1375732421875,770.2119750976562,144.2270050048828,564.1256713867188,757.4948120117188,564.2998046875,113.45388793945312,330.0070495605469,479.6275939941406,606.334228515625,452.13653564453125,667.724609375,726.0719604492188,910.4428100585938,661.0390625,36.09041213989258,517.6033935546875,999.0442504882812,727.32763671875,70.33452606201172,638.8853149414062,433.9442443847656,732.6192016601562,671.1085815429688,631.4050903320312,533.823974609375,707.4026489257812,982.5957641601562,605.3062133789062
249.56971740722656,496.8946228027344,442.5351257324219,766.876953125,200.05934143066406,333.6955261230469,666.4542846679688,311.771484375,896.45751953125,385.198974609375,113.10318756103516,502.1360168457031,195.88638305664062,516.556396484375,411.85162353515625,125.82734680175781,434.7624206542969,103.60975646972656,686.5657958984375,463.4393310546875,380.6925354003906,187.19131469726562,51.58689880371094,389.0265197753906,88.96675872802734,195.456298828125,719.826416015625,88.55302429199219,1009.0087280273438,272.0385437011719,181.51620483398438,666.8927612304688,324.9555969238281,197.3979949951172,893.9849853515625,88.64525604248047,865.6326293945312,577.7482299804688,259.1421813964844,642.5303955078125,988.620849609375,692.1417846679688,582.7449951171875,290.0787353515625,939.9572143554688,233.39395141601562,149.16091918945312,33.64548873901367,405.9456787109375,200.2716064453125,256.15570068359375,402.3882751464844,860.5158081054688,650.647705078125,908.8198852539062,198.69754028320312,745.9157104492188,476.5975646972656,190.8003387451172,250.06529235839844,267.8514099121094,226.1875762939453,410.79296875,211.25711059570312,887.110595703125,373.2352294921875,296.1827697753906,249.4661102294922,906.027587890625,341.5621643066406,858.9808959960938,5.844057083129883,849.9640502929688,313.0331115722656,121.34049224853516,81.0483169555664,337.2459411621094,749.588134765625,883.567138671875,299.520263671875,346.8162536621094,65.2767333984375,118.95027923583984,633.4701538085938,527.0126342773438,59.915279388427734,1008.0570678710938,167.59669494628906,829.7808227539062,341.9788513183594,184.46392822265625,227.75807189941406,643.244873046875,656.7811279296875,25.08515167236328,215.11529541015625,261.7945251464844,6.878087520599365,42.00817108154297,638.8729248046875,833.3739624023438,376.01702880859375,989.1209106445312,150.32945251464844,599.8624267578125,566.67724609375,961.653076171875,165.7643280029297,36.68169403076172,568.016845703125,318.0572204589844,159.4998016357422,264.9236145019531,642.4649047851562,450.038330078125,26.811010360717773,818.465087890625,577.7977905273438,781.3570556640625,597.6948852539062,724.8916015625,327.7911376953125,865.1419067382812,759.9608154296875,23.97307586669922,708.1408081054688,1002.9347534179688,350.0429992675781,265.56927490234375,240.52511596679688,249.4910125732422,170.40028381347656,413.9096984863281,264.1393127441406,482.5035095214844,651.4069213867188,139.76719665527344,187.19528198242188,387.26025390625,724.8453979492188,4.047839641571045,57.16843795776367,355.1044921875,168.8123016357422,48.801658630371094,528.524169921875,48.15700912475586,132.7110137939453,157.93844604492188,601.3217163085938,762.8253173828125,682.41357421875,443.5763244628906,54.964515686035156,532.0949096679688,105.5437240600586,292.6804504394531,25.611984252929688,915.8853759765625,767.2569580078125,100.12081909179688,167.18251037597656,742.0499267578125,225.90762329101562,697.9464111328125,640.3218383789062,690.4515991210938,558.0806274414062,735.4119873046875,316.4425354003906,403.22314453125,59.58498764038086,161.97998046875,604.9649658203125,427.82391357421875,462.53167724609375,493.1642761230469,194.6311492919922,310.16766357421875,245.58775329589844,548.01953125,723.0773315429688,937.0064697265625,648.9208374023438,35.717166900634766,170.04124450683594,296.5987243652344,634.1919555664062,262.89056396484375,348.2875671386719,885.1138916015625,629.3452758789062,23.71488380432129,394.72052001953125,40.31130599975586,631.874267578125,354.4889831542969,445.9972839355469
285.5052795410156,451.9966735839844,264.61126708984375,568.5481567382812,959.8372192382812,180.79266357421875,590.552734375,102.34671020507812,878.8667602539062,353.73583984375,951.2821044921875,10.519935607910156,546.3624877929688,259.5624694824219,567.1304931640625,22.063066482543945,879.523681640625,267.3366394042969,372.3330078125,161.96408081054688,940.94921875,207.9849090576172,238.43399047851562,198.25778198242188,424.4285888671875,526.8439331054688,846.8680419921875,74.23416900634766,208.31546020507812,152.17103576660156,170.23402404785156,483.1231689453125,340.00213623046875,126.63019561767578,571.9146118164062,182.93722534179688,938.2174072265625,306.87908935546875,671.3685302734375,545.3289184570312,543.9512329101562,617.9656372070312,510.18218994140625,200.1617431640625,647.1452026367188,167.3608856201172,,,31.182817459106445,44.10947036743164,633.978271484375,205.4351806640625,663.4660034179688,712.7872924804688,590.5502319335938,419.6564025878906,720.4351806640625,454.059814453125,208.57858276367188,228.92564392089844,459.7105407714844,81.11561584472656,894.7005615234375,580.1272583007812,603.592529296875,338.9466857910156,710.9637451171875,430.0694580078125,733.007568359375,734.3602294921875,619.9676513671875,447.7641906738281,739.1344604492188,205.9524383544922,313.5502624511719,71.47135162353516,718.1192626953125,583.614501953125,815.5560302734375,32.080867767333984,320.9190368652344,54.03489303588867,286.973876953125,762.9719848632812,509.8808288574219,47.95415115356445,296.8695373535156,767.146240234375,656.5700073242188,277.8547058105469,987.0657958984375,41.05482482910156,654.9652709960938,643.953125,61.69406509399414,637.305908203125,239.1945037841797,34.62289047241211,839.8052978515625,731.9268798828125,367.9772033691406,758.4042358398438,807.5430908203125,61.72587585449219,599.86865234375,566.7402954101562,923.9420166015625,161.7840118408203,16.898052215576172,535.1163940429688,196.61614990234375,725.7075805664062,160.77789306640625,714.462158203125,925.5728759765625,420.9463195800781,836.2409057617188,519.0983276367188,781.2832641601562,597.7630615234375,500.2158203125,705.671630859375,891.730224609375,725.6548461914062,665.996337890625,557.8783569335938,323.040771484375,102.8150405883789,722.9901733398438,18.172719955444336,111.38888549804688,489.7569580078125,429.55059814453125,241.2618408203125,994.6196899414062,263.07037353515625,780.8588256835938,536.182861328125,923.7244873046875,649.0612182617188,735.15478515625,734.2657470703125,451.2443542480469,672.8944091796875,601.6780395507812,127.47105407714844,620.3684692382812,121.00823974609375,171.10052490234375,589.984130859375,647.9122924804688,490.6664733886719,319.3447265625,497.21966552734375,487.9611511230469,706.8461303710938,124.38421630859375,381.6727600097656,681.7763671875,765.843017578125,660.908935546875,691.9737548828125,497.9363708496094,80.5667724609375,11.679088592529297,535.7981567382812,630.0,206.1041717529297,208.32275390625,609.1375732421875,588.814208984375,588.984130859375,125.87030792236328,324.8765869140625,291.8539123535156,324.69268798828125,898.8987426757812,73.58216857910156,309.1015930175781,754.9868774414062,612.20068359375,652.7540893554688,37.95983123779297,290.2337951660156,419.1009826660156,470.40618896484375,159.98065185546875,352.6492919921875,448.9814758300781,147.8037567138672,750.5084228515625,559.9361572265625,555.8031616210938,480.1226501464844,548.73779296875,717.3935546875,479.1623840332031,251.28863525390625
425.27276611328125,173.13519287109375,464.7073059082031,473.3480224609375,948.8004150390625,507.7558288574219,563.984375,148.43296813964844,265.15460205078125,689.8179931640625,115.39043426513672,528.3231201171875,871.6044311523438,170.352783203125,591.8587646484375,20.824195861816406,342.67950439453125,548.54638671875,413.7074890136719,497.9701232910156,21.1324462890625,271.9187316894531,255.49537658691406,185.45745849609375,757.644775390625,234.5169677734375,946.592529296875,372.4057312011719,635.588623046875,54.850948333740234,313.5238342285156,379.09930419921875,309.59332275390625,441.14324951171875,779.0492553710938,690.1104736328125,616.375732421875,711.4847412109375,633.57080078125,536.972412109375,216.45379638671875,589.3978271484375,206.03062438964844,677.480712890625,568.6874389648438,322.2647705078125,,,897.698974609375,565.5834350585938,168.93026733398438,402.5841064453125,576.7803955078125,272.9071044921875,542.9882202148438,771.498291015625,617.9927368164062,657.3223266601562,358.9717102050781,63.1622200012207,451.62060546875,56.77547836303711,935.59814453125,739.1826782226562,157.04019165039062,323.7874755859375,257.95257568359375,243.8746337890625,476.887451171875,164.42857360839844,352.97723388671875,342.0690002441406,825.672607421875,303.5815124511719,302.85870361328125,99.3944320678711,677.9783325195312,581.5625,359.75299072265625,406.8718566894531,860.9664916992188,294.218017578125,307.77362060546875,746.6585693359375,551.85205078125,67.17613220214844,973.3525390625,396.2408752441406,682.78369140625,216.3301544189453,295.9903869628906,748.3258056640625,619.4259643554688,620.8961181640625,407.32666015625,24.595870971679688,251.4910888671875,65.25279998779297,853.8838500976562,170.8043670654297,769.0625610351562,375.4778137207031,982.4293212890625,265.99176025390625,17.594226837158203,323.2386169433594,970.96435546875,123.1902847290039,971.7867431640625,289.36248779296875,2.7916667461395264,645.8958129882812,239.5812530517578,642.72509765625,227.26744079589844,362.11224365234375,167.4231414794922,508.453857421875,263.5018310546875,564.2034301757812,509.4901123046875,739.3311767578125,174.62380981445312,593.6262817382812,70.8367691040039,414.44891357421875,581.2511596679688,34.257869720458984,296.12591552734375,491.5093994140625,947.60888671875,50.27111053466797,864.5400390625,656.6513061523438,522.1845703125,107.31851959228516,180.151611328125,243.37869262695312,958.6978149414062,628.649658203125,734.9548950195312,734.1875,268.65985107421875,85.7271499633789,616.1742553710938,154.81033325195312,161.21263122558594,288.40496826171875,562.7926635742188,286.4710693359375,553.595458984375,389.8268737792969,295.2810974121094,481.08099365234375,670.36669921875,321.43890380859375,237.387939453125,46.406715393066406,630.7236328125,628.6212768554688,138.7118682861328,201.72512817382812,528.2354736328125,61.01542663574219,33.046932220458984,523.958740234375,673.6410522460938,755.0762939453125,865.3045654296875,765.733154296875,597.8425903320312,551.1202392578125,553.0043334960938,764.9376831054688,192.47947692871094,768.9439086914062,305.96875,515.6875,1004.891845703125,329.9030456542969,98.34700012207031,88.93984985351562,200.8516387939453,396.75146484375,268.37054443359375,449.86968994140625,418.94964599609375,98.80862426757812,309.442626953125,759.3046264648438,265.38037109375,551.3759155273438,329.5837097167969,408.94720458984375,341.1502380371094,419.6925048828125,648.8372192382812,168.1735076904297
145.5016632080078,767.862060546875,77.34435272216797,715.530029296875,980.6795043945312,163.63552856445312,659.5292358398438,536.2379760742188,768.6471557617188,216.21621704101562,518.1420288085938,769.4135131835938,780.5872192382812,600.9041137695312,692.4796752929688,651.3826293945312,352.11492919921875,528.7473754882812,565.2974853515625,364.3529052734375,380.0371398925781,220.33074951171875,235.9943084716797,166.62767028808594,753.9681396484375,246.56649780273438,982.0089721679688,167.36785888671875,133.25485229492188,185.34378051757812,309.68701171875,356.0213928222656,834.0545043945312,414.14178466796875,379.6239318847656,621.5360107421875,919.5988159179688,569.0267333984375,661.6983642578125,280.83258056640625,510.79833984375,587.20458984375,691.9609985351562,457.4815979003906,958.2464599609375,219.3537139892578,,,281.49920654296875,13.474099159240723,988.1939086914062,740.8749389648438,451.2308044433594,167.09719848632812,543.01025390625,771.3195190429688,653.41455078125,556.5971069335938,338.7117614746094,532.6492309570312,468.99267578125,750.8360595703125,940.5780029296875,713.0444946289062,1008.5537109375,620.8812866210938,745.9981079101562,311.6712646484375,538.506103515625,764.8775634765625,971.7200927734375,174.63491821289062,899.810302734375,449.69500732421875,695.552490234375,637.9944458007812,720.4572143554688,547.5903930664062,879.8366088867188,737.9425048828125,971.5684204101562,658.3021850585938,61.416141510009766,644.5314331054688,970.6672973632812,252.7064971923828,164.5909881591797,439.7576904296875,840.6552124023438,728.7979736328125,333.4222106933594,748.4259033203125,202.59921264648438,425.678466796875,304.64813232421875,714.3511352539062,269.3363037109375,64.85397338867188,872.3799438476562,732.0674438476562,507.2497253417969,117.21929931640625,837.0120239257812,24.02100372314453,1004.4511108398438,287.55413818359375,857.6731567382812,689.4694213867188,563.20703125,248.26467895507812,664.9374389648438,561.1719970703125,443.9740905761719,278.90521240234375,18.831615447998047,223.54983520507812,216.17799377441406,503.8769836425781,459.70806884765625,529.0277709960938,902.9892578125,370.25054931640625,648.4417114257812,479.1825256347656,142.4060516357422,122.61505126953125,627.7355346679688,14.625054359436035,268.78582763671875,260.78521728515625,914.0048828125,238.189697265625,450.5309753417969,497.21807861328125,,,702.917236328125,614.2227172851562,310.3202209472656,445.76611328125,681.8305053710938,356.4182434082031,777.5470581054688,222.6240234375,236.73944091796875,191.81149291992188,993.6484375,51.14585876464844,306.5566101074219,203.2352752685547,558.7659912109375,363.3116760253906,576.2088623046875,328.53082275390625,532.3802490234375,105.47407531738281,904.020751953125,668.5703125,742.6260375976562,598.484130859375,,,214.9583282470703,58.003623962402344,534.8475341796875,463.8233947753906,868.66162109375,646.4114990234375,208.30580139160156,609.0862426757812,503.240478515625,240.40032958984375,764.3324584960938,415.9569396972656,279.7920227050781,324.6649475097656,461.49005126953125,701.7147827148438,598.9609985351562,494.48187255859375,574.4567260742188,275.4697265625,106.601806640625,225.55795288085938,,,46.083824157714844,98.06523132324219,433.3185119628906,637.6210327148438,257.7464294433594,218.72154235839844,637.77099609375,163.41043090820312,545.8756713867188,528.75537109375,629.1337890625,153.67160034179688
667.6965942382812,730.6063842773438,494.2724914550781,498.19464111328125,,,997.1893920898438,475.1177978515625,841.7762451171875,440.9744873046875,76.55247497558594,563.477294921875,777.7203369140625,396.1053771972656,677.3882446289062,542.5032958984375,717.1920166015625,353.8642883300781,590.30859375,331.2034606933594,506.5292053222656,697.9420166015625,5.426092624664307,39.58715057373047,82.57088470458984,218.78018188476562,434.024169921875,348.4456787109375,946.5117797851562,15.675436019897461,959.3978271484375,483.25286865234375,141.23777770996094,360.0709228515625,376.10400390625,595.7205810546875,967.6810913085938,307.73126220703125,297.5150146484375,507.58819580078125,256.4289855957031,568.2398681640625,791.9730834960938,627.0067138671875,974.5509033203125,245.7972412109375,,,540.8563842773438,375.4871826171875,255.95040893554688,402.3004455566406,55.79364776611328,91.81210327148438,376.6197814941406,544.6157836914062,1006.4030151367188,530.1026000976562,387.9019470214844,72.09927368164062,295.98345947265625,222.34007263183594,243.89169311523438,664.4420776367188,599.8963623046875,323.80194091796875,805.8828735351562,87.40425872802734,722.4884643554688,750.8858032226562,925.2037963867188,148.35922241210938,420.5115661621094,543.383056640625,695.557861328125,638.0497436523438,127.18989562988281,444.6817321777344,831.5003051757812,343.06298828125,1009.877197265625,37.21754455566406,119.06383514404297,633.489990234375,1006.8341064453125,517.0133666992188,783.6824951171875,170.48878479003906,416.34637451171875,271.291748046875,218.4508514404297,233.9725799560547,781.6434326171875,387.5072021484375,61.71479797363281,637.2736206054688,601.937255859375,642.2249145507812,16.543590545654297,281.78460693359375,920.4542846679688,708.5811767578125,941.3910522460938,724.3789672851562,32.14695358276367,277.2974853515625,945.114013671875,155.33981323242188,914.6538696289062,639.5,206.9068145751953,415.82080078125,6.493200302124023,547.0453491210938,923.4035034179688,724.4146728515625,169.3300018310547,375.65338134765625,465.7855224609375,423.5566711425781,733.0407104492188,315.31744384765625,596.1785278320312,455.9383850097656,298.8862609863281,638.4608764648438,78.48106384277344,403.975341796875,358.6831359863281,212.0028533935547,924.9566650390625,580.8176879882812,467.19818115234375,486.8476257324219,,,960.2783813476562,580.4774780273438,275.3106994628906,351.6560363769531,865.6492309570312,127.8136215209961,598.5,340.0625,51.949363708496094,555.1595458984375,310.7064514160156,504.40118408203125,710.9738159179688,131.77989196777344,887.624267578125,147.6146697998047,93.9243392944336,543.0106811523438,268.86419677734375,709.08642578125,954.484130859375,497.3407897949219,533.5961303710938,549.4381713867188,,,220.85772705078125,31.7066650390625,753.3906860351562,462.2388000488281,680.305419921875,594.3145751953125,587.6341552734375,533.7100830078125,125.37471008300781,227.07586669921875,643.3982543945312,582.4682006835938,192.48770141601562,768.92919921875,653.6752319335938,570.6561279296875,289.8536682128906,221.68115234375,677.5443725585938,430.20623779296875,45.86216735839844,316.3341064453125,,,414.9336242675781,55.97029113769531,86.39368438720703,628.934814453125,132.4219207763672,61.262062072753906,981.2247924804688,43.8674430847168,756.3779907226562,191.8148956298828,659.9495849609375,159.73385620117188
749.0147705078125,175.63522338867188,369.795166015625,429.7840576171875,,,548.9715576171875,124.44175720214844,383.98187255859375,189.96658325195312,111.43428802490234,557.9461059570312,948.6361083984375,630.0864868164062,967.3051147460938,218.1354522705078,715.3397216796875,339.6589050292969,422.4661865234375,520.0402221679688,510.388671875,657.6995239257812,74.909912109375,350.62847900390625,345.0725402832031,721.1160888671875,862.3027954101562,74.39269256591797,746.91064453125,201.92591857910156,956.9067993164062,135.7954864501953,,,509.7373046875,469.1962890625,629.0497436523438,695.698486328125,647.7777709960938,582.9591674804688,235.59432983398438,561.592041015625,889.66845703125,635.8484497070312,620.3436279296875,154.34349060058594,,,670.9124755859375,316.7358703613281,168.8848876953125,402.64752197265625,860.7796630859375,650.5169677734375,446.5060119628906,534.4829711914062,745.869384765625,476.7235412597656,375.1501770019531,61.91231918334961,23.80746078491211,324.7573547363281,324.0246276855469,586.5738525390625,667.7888793945312,47.33949279785156,790.8502197265625,59.94754409790039,733.6597290039062,712.0390625,561.4271850585938,86.83541107177734,723.1231079101562,536.7215576171875,254.1114044189453,237.41726684570312,186.24142456054688,645.6826782226562,788.2568969726562,483.3834228515625,959.3892822265625,686.4974975585938,100.62628173828125,607.5630493164062,758.589599609375,548.0337524414062,515.4497680664062,345.78106689453125,508.5655212402344,525.2577514648438,184.59060668945312,227.564453125,215.37916564941406,380.3515930175781,945.29345703125,305.7745666503906,795.72119140625,550.6752319335938,872.5382690429688,731.9441528320312,534.1072998046875,121.13468170166016,840.0,447.75970458984375,570.8294067382812,144.692626953125,839.9121704101562,657.274658203125,590.6441650390625,220.64976501464844,318.10479736328125,159.38815307617188,126.2461166381836,751.4059448242188,398.8173522949219,557.3744506835938,447.46435546875,299.80126953125,420.9087219238281,419.6225280761719,502.9747314453125,754.9058837890625,690.0420532226562,440.8822937011719,,,,,562.1787109375,750.4616088867188,688.1800537109375,527.1516723632812,974.6346435546875,279.08416748046875,,,717.8704223632812,578.2503051757812,256.1103515625,350.78973388671875,744.056884765625,76.77963256835938,744.0262451171875,683.51708984375,467.4260559082031,743.1349487304688,738.3964233398438,386.11676025390625,992.9121704101562,259.71160888671875,898.1088256835938,338.329345703125,93.81419372558594,542.8978271484375,,,643.1986083984375,407.5673522949219,72.82485961914062,344.93707275390625,,,241.3367462158203,25.958768844604492,763.3577270507812,445.07342529296875,660.8370361328125,577.1864624023438,735.4129028320312,316.3367614746094,874.404052734375,126.56169891357422,679.6983032226562,230.13368225097656,286.9111633300781,658.5458984375,320.3775634765625,539.2777099609375,588.3328247070312,460.79681396484375,392.4328308105469,6.246021747589111,451.3887939453125,76.82158660888672,,,323.800048828125,715.6149291992188,941.7427368164062,146.10813903808594,167.3362274169922,473.380126953125,394.448486328125,272.48309326171875,39.943016052246094,737.65478515625,633.4732055664062,757.9473876953125
145.57850646972656,768.0479125976562,280.94793701171875,592.3934326171875,,,577.9816284179688,143.9461669921875,,,72.45635986328125,550.0919189453125,776.6934204101562,476.09368896484375,94.62294006347656,736.177001953125,434.753662109375,103.52127075195312,732.0890502929688,479.6310119628906,578.4149780273438,333.17474365234375,212.7581329345703,138.74705505371094,776.6762084960938,455.0231628417969,129.81358337402344,130.3285675048828,192.76026916503906,424.5205383300781,196.25108337402344,224.2506561279297,,,149.88851928710938,456.82110595703125,905.4707641601562,594.6546020507812,638.6602783203125,572.3137817382812,420.2539978027344,452.2065124511719,711.9111328125,177.23989868164062,695.8797607421875,689.1416625976562,,,431.51263427734375,197.4545440673828,142.85520935058594,225.73025512695312,,,921.6679077148438,450.816650390625,225.31097412109375,463.5038757324219,336.3668518066406,402.2306823730469,781.0701904296875,593.8982543945312,894.5722045898438,580.2574462890625,210.178955078125,614.6295776367188,893.3497924804688,252.11285400390625,464.5969543457031,665.8050537109375,693.9650268554688,743.87109375,723.1823120117188,536.8460083007812,121.24172973632812,81.11849212646484,570.0128173828125,37.49231719970703,398.216552734375,420.908203125,971.5211181640625,658.175537109375,117.64344787597656,585.728515625,471.325927734375,290.022216796875,297.9102478027344,754.4134521484375,331.1620788574219,420.4571533203125,20.408245086669922,41.96723937988281,118.00411987304688,96.66442108154297,920.7775268554688,303.23992919921875,801.3675537109375,516.2920532226562,839.6068725585938,708.6650390625,863.1041870117188,408.2083435058594,644.51708984375,170.36732482910156,,,949.0735473632812,192.84814453125,892.9370727539062,655.1299438476562,454.85150146484375,69.14328002929688,129.046875,709.4102783203125,,,989.609619140625,263.58624267578125,439.9827575683594,410.7127685546875,509.6330261230469,739.3222045898438,956.145751953125,334.88446044921875,,,,,296.2603759765625,491.4245300292969,111.41191101074219,489.6014709472656,993.1864013671875,217.35906982421875,,,794.6226806640625,557.8497924804688,48.506614685058594,77.44038391113281,4.331014633178711,57.05356979370117,413.2926330566406,680.7471923828125,977.0079345703125,600.7296752929688,196.16590881347656,306.0203857421875,271.95465087890625,165.6554412841797,569.4576416015625,753.2909545898438,261.762451171875,494.9949951171875,,,124.2977294921875,381.56634521484375,77.66967010498047,335.8941955566406,,,755.3467407226562,207.56832885742188,631.4776000976562,387.6690673828125,690.4512939453125,558.1544799804688,335.25537109375,263.9682922363281,145.78179931640625,233.72804260253906,846.1724853515625,683.5221557617188,427.87774658203125,462.6644287109375,653.4515991210938,519.5706787109375,367.2593994140625,769.8453979492188,664.587158203125,428.8955383300781,,,,,342.0100402832031,731.7694091796875,415.7608642578125,642.8134765625,223.1392822265625,326.9584655761719,296.57537841796875,423.9542541503906,820.3458251953125,672.2988891601562,979.6058959960938,577.3902587890625
667.5757446289062,730.6934814453125,475.3077697753906,767.587890625,,,571.4572143554688,125.87543487548828,,,67.5282974243164,524.83984375,758.24609375,405.93768310546875,84.08149719238281,723.634521484375,448.06109619140625,71.15088653564453,372.057861328125,162.2476806640625,21.11846160888672,271.9317932128906,268.385498046875,159.1783905029297,444.8001708984375,718.9420166015625,720.055908203125,88.4462661743164,180.04579162597656,419.44287109375,199.271484375,240.24871826171875,,,571.8316650390625,183.03024291992188,379.9463806152344,149.4259033203125,939.1151733398438,726.5487670898438,466.1561584472656,448.5495300292969,866.6417236328125,678.3348388671875,101.7218246459961,248.35791015625,,,53.277469635009766,94.93195343017578,177.46875,204.47415161132812,,,590.6637573242188,419.7687072753906,720.4270629882812,454.19073486328125,301.5689697265625,401.76995849609375,435.97613525390625,11.84488296508789,286.128662109375,578.576904296875,222.48025512695312,578.8258666992188,853.1375732421875,81.67724609375,493.2721252441406,643.3597412109375,636.7615356445312,743.5048828125,884.3142700195312,477.6243591308594,349.35687255859375,78.40784454345703,764.6275024414062,378.489501953125,870.4570922851562,338.2310485839844,529.2324829101562,311.5178527832031,293.0721435546875,549.9364624023438,295.4032287597656,63.032257080078125,920.8504638671875,729.77685546875,668.3407592773438,260.9136657714844,317.16583251953125,727.9470825195312,377.4488525390625,52.309722900390625,996.1718139648438,248.45947265625,932.539306640625,462.41912841796875,41.961822509765625,638.8792724609375,368.0141296386719,758.2977294921875,895.2876586914062,704.7940063476562,,,976.7263793945312,154.2836151123047,19.12920379638672,633.2402954101562,896.5,65.0,1003.1760864257812,661.31298828125,,,955.1363525390625,250.89027404785156,780.2001342773438,408.4877624511719,213.5943145751953,735.5447998046875,658.1204833984375,23.268917083740234,,,,,563.2301635742188,363.9442138671875,913.8218383789062,238.34674072265625,404.8167419433594,208.45733642578125,,,780.8203125,536.2360229492188,,,,,767.57861328125,678.447509765625,536.87060546875,575.5484619140625,128.60833740234375,294.6075134277344,231.71725463867188,112.63156127929688,85.61614990234375,397.43817138671875,581.41845703125,298.48626708984375,,,195.73806762695312,331.0931396484375,287.5799560546875,591.7528686523438,,,779.6444091796875,202.77708435058594,867.2108764648438,262.38848876953125,553.3408203125,557.9251098632812,939.6613159179688,14.482125282287598,260.53070068359375,265.8490905761719,724.1331176757812,145.85890197753906,415.373291015625,441.5325622558594,286.363525390625,517.1826782226562,114.37357330322266,636.53662109375,,,,,,,693.9697265625,654.5908813476562,155.0247344970703,549.608642578125,477.45062255859375,436.6693420410156,,,359.9106750488281,483.84112548828125,205.016357421875,435.1006774902344
715.7349243164062,724.6198120117188,847.019287109375,708.6183471679688,,,558.6040649414062,94.3143081665039,,,112.94192504882812,502.0086364746094,452.8094482421875,710.6229858398438,4.764041423797607,748.3096313476562,,,,,978.2771606445312,196.8619842529297,191.18817138671875,293.247314453125,367.11920166015625,712.4577026367188,847.0764770507812,74.2159652709961,499.2897644042969,396.2967529296875,,,,,495.76788330078125,134.1107177734375,435.7615661621094,155.91061401367188,470.438720703125,643.8726196289062,627.4675903320312,31.929697036743164,837.1139526367188,640.6966552734375,52.367305755615234,45.78523254394531,,,281.5976257324219,13.32797908782959,208.39430236816406,47.942527770996094,,,617.5526123046875,415.3085021972656,576.005126953125,403.2659606933594,376.3684997558594,270.8212890625,751.1321411132812,606.83935546875,934.196044921875,577.2060546875,154.73202514648438,101.19222259521484,106.97708892822266,580.0059814453125,406.0094909667969,381.3253479003906,652.51806640625,727.8697509765625,786.6441040039062,470.4110412597656,313.5688781738281,71.46449279785156,126.95049285888672,767.0982666015625,879.8229370117188,737.9319458007812,861.0162353515625,294.1558532714844,950.6431884765625,276.91259765625,549.350830078125,569.695068359375,164.6728515625,439.8451232910156,972.5017700195312,89.02336883544922,,,617.702880859375,656.37158203125,24.987123489379883,215.1653289794922,185.6449737548828,303.58673095703125,551.9884643554688,295.90863037109375,290.92059326171875,751.0599365234375,820.7686767578125,45.67025375366211,,,525.0162353515625,228.45071411132812,913.692138671875,593.2708740234375,188.28883361816406,53.27436828613281,239.61026000976562,642.9376220703125,,,978.5977172851562,239.02020263671875,797.4160766601562,406.42303466796875,208.43116760253906,698.0282592773438,187.18951416015625,616.156982421875,,,,,268.9284973144531,260.6463928222656,249.46820068359375,170.22438049316406,467.2943115234375,522.0425415039062,,,170.00494384765625,203.3199462890625,,,,,451.13641357421875,672.8945922851562,32.489810943603516,561.7938842773438,161.2960205078125,288.4403076171875,257.2169189453125,209.24867248535156,554.4237060546875,743.8889770507812,443.5135192871094,55.0045051574707,,,192.075439453125,295.54443359375,556.8693237304688,561.4326782226562,,,1005.48583984375,309.8740234375,76.59661865234375,40.087318420410156,549.50732421875,541.50732421875,897.011474609375,747.5013427734375,356.70159912109375,659.5191650390625,13.166670799255371,743.1089477539062,608.607666015625,412.1894226074219,306.1348876953125,515.6828002929688,570.9003295898438,522.0625,,,,,,,342.5425720214844,765.4310302734375,167.53689575195312,534.7042236328125,915.6149291992188,591.2770385742188,,,176.64051818847656,76.97333526611328,928.9855346679688,582.2017211914062
338.8016357421875,617.05419921875,810.57958984375,20.94516944885254,,,617.622314453125,716.5220947265625,,,140.234619140625,491.5527038574219,948.6641235351562,630.0249633789062,83.82051086425781,723.5025634765625,,,,,380.8085632324219,186.9730987548828,103.66968536376953,740.459716796875,351.5,750.5,339.30029296875,19.941242218017578,734.6987915039062,217.30023193359375,,,,,893.7845458984375,88.67813873291016,807.4343872070312,73.31542205810547,938.833984375,726.6114501953125,663.9378662109375,28.364547729492188,889.6444702148438,636.0568237304688,,,,,492.60205078125,16.19756317138672,,,,,596.3093872070312,405.7947692871094,633.0610961914062,197.58847045898438,357.1946716308594,257.5943603515625,781.0945434570312,594.0759887695312,936.8892822265625,519.10546875,472.4116516113281,98.99085235595703,710.9703979492188,430.1076354980469,906.0558471679688,341.6835632324219,449.73638916015625,622.7326049804688,900.0547485351562,449.7512512207031,,,161.8966522216797,749.8020629882812,874.0,720.0,214.04046630859375,155.91505432128906,552.1060180664062,64.60855102539062,758.4647216796875,548.139892578125,952.1666870117188,424.4142761230469,483.0097351074219,580.3347778320312,,,190.85067749023438,385.3783874511719,332.903076171875,42.093727111816406,561.5513916015625,294.8746643066406,599.9481811523438,261.0528259277344,780.1004638671875,708.7318725585938,906.5211181640625,731.000244140625,,,825.388916015625,702.2754516601562,20.067415237426758,574.1063842773438,386.7788391113281,47.188743591308594,1009.2251586914062,641.2205200195312,,,921.4127197265625,282.9603576660156,992.4669189453125,403.0220642089844,725.0377807617188,327.9350280761719,122.86573791503906,569.5555419921875,,,,,301.59954833984375,232.80357360839844,947.5800170898438,50.24333190917969,467.75787353515625,268.8717956542969,,,139.74534606933594,187.1015167236328,,,,,797.0721435546875,656.0451049804688,52.118621826171875,555.2409057617188,48.18649673461914,132.8149871826172,,,566.1818237304688,48.5919189453125,120.73981475830078,551.1380004882812,,,239.36019897460938,219.7883758544922,88.3758316040039,637.5235595703125,,,711.18798828125,308.38714599609375,670.7354736328125,113.20988464355469,684.989501953125,537.4633178710938,,,397.6878356933594,34.12376403808594,553.1742553710938,764.7570190429688,44.7033805847168,312.33404541015625,339.1990051269531,503.8172302246094,599.1119384765625,494.43341064453125,,,,,,,341.9521484375,731.8635864257812,52.4306526184082,662.5248413085938,394.2889404296875,729.3799438476562,,,668.80029296875,19.807018280029297,633.4459838867188,757.9584350585938
65.68504333496094,617.1690063476562,838.1775512695312,743.5,,,577.2686767578125,707.0720825195312,,,71.41552734375,320.5519104003906,522.1305541992188,609.7925415039062,,,,,,,227.7282257080078,46.10531234741211,765.39453125,657.5366821289062,773.9260864257812,735.7091064453125,,,208.31057739257812,152.05043029785156,,,,,,,388.51177978515625,688.7058715820312,269.13226318359375,666.3333129882812,189.87509155273438,550.850830078125,612.7391357421875,597.3585815429688,,,,,,,,,,,24.878467559814453,282.6570739746094,940.4961547851562,329.00537109375,190.5786895751953,250.0725555419922,919.4264526367188,408.2017822265625,455.5792541503906,233.92764282226562,458.0498962402344,82.40513610839844,423.60546875,330.645263671875,477.0273742675781,164.47885131835938,619.9432373046875,447.8360290527344,849.94287109375,312.8105163574219,,,290.8924865722656,707.3032836914062,281.6633605957031,578.6968383789062,321.07769775390625,53.9985466003418,,,725.1387329101562,521.267333984375,941.9124145507812,412.8980407714844,508.5591125488281,525.3486938476562,,,225.84315490722656,402.2999267578125,407.3216552734375,24.44978141784668,712.7899780273438,283.7355041503906,853.091064453125,180.2227783203125,603.1956787109375,587.3663330078125,941.4163208007812,724.3147583007812,,,857.8854370117188,689.4485473632812,36.699005126953125,568.144287109375,320.9920654296875,4.085566520690918,264.9317321777344,642.469482421875,,,888.277099609375,561.5468139648438,960.2343139648438,390.5688781738281,900.140625,327.1066589355469,604.4226684570312,479.74005126953125,,,,,358.6676330566406,211.93226623535156,937.4818725585938,24.9317684173584,364.0,358.3125,,,22.591630935668945,14.775357246398926,,,,,331.4541320800781,421.0862121582031,33.78532409667969,529.310302734375,620.3601684570312,120.89222717285156,,,,,295.27215576171875,481.1178894042969,,,237.4211883544922,46.415252685546875,936.0244140625,760.216552734375,,,790.5438842773438,239.78550720214844,882.8583374023438,515.3978271484375,629.84130859375,206.04164123535156,,,,,295.8073425292969,763.0731811523438,564.3229370117188,113.50785827636719,288.8670959472656,497.48699951171875,606.3246459960938,452.2376708984375,,,,,,,324.0147399902344,715.3976440429688,74.09803771972656,640.8112182617188,107.83820343017578,629.8342895507812,,,290.393310546875,748.6808471679688,665.0264282226562,747.935791015625
328.5476989746094,606.5299072265625,,,,,203.10919189453125,612.193603515625,,,951.2515258789062,10.43229866027832,780.6654663085938,600.839599609375,,,,,,,,,788.4107666015625,651.488037109375,423.4482421875,735.8536376953125,,,509.4574890136719,45.73497772216797,,,,,,,,,252.1903839111328,657.7142333984375,956.9798583984375,672.491943359375,942.008056640625,567.5328369140625,,,,,,,,,,,908.883544921875,198.76463317871094,,,208.69375610351562,229.1015167236328,891.239501953125,373.7080993652344,429.916259765625,229.47267150878906,667.5595092773438,47.2829704284668,746.1539306640625,311.83062744140625,488.3077392578125,147.1064910888672,353.0892639160156,342.2444152832031,738.8928833007812,205.65615844726562,,,271.27642822265625,705.3699340820312,788.4671630859375,482.9185485839844,1009.838623046875,37.25019836425781,,,786.9649047851562,489.6958923339844,973.4100341796875,396.41839599609375,668.4270629882812,261.07366943359375,,,,,,,860.7693481445312,259.1253356933594,858.18212890625,157.69760131835938,863.1552734375,408.38604736328125,926.1078491210938,717.5677490234375,,,884.76220703125,673.0215454101562,17.12556266784668,534.9232177734375,,,6.514492511749268,546.7764892578125,,,844.6035766601562,547.6904907226562,158.04922485351562,274.0589904785156,281.115966796875,185.1473846435547,,,,,,,350.2781066894531,171.17202758789062,1004.7553100585938,506.4399719238281,864.4715576171875,656.7915649414062,,,241.74359130859375,274.015380859375,,,,,598.5746459960938,340.1610107421875,48.910057067871094,528.3359375,1000.625,76.4375,,,,,593.734375,319.9583435058594,,,292.6894836425781,25.67869758605957,,,,,779.8504028320312,202.9039764404297,638.4310913085938,118.39111328125,20.628047943115234,158.7992401123047,,,,,564.2060546875,757.8659057617188,168.46510314941406,88.17228698730469,329.946044921875,479.59088134765625,963.6299438476562,331.8746032714844,,,,,,,185.78564453125,715.4223022460938,86.49401092529297,629.0424194335938,88.6272964477539,596.325439453125,,,40.081275939941406,737.61181640625,982.8464965820312,605.7889404296875
63.41228103637695,581.6763916015625,,,,,998.2410888671875,601.6393432617188,,,,,58.0247688293457,589.936767578125,,,,,,,,,74.38651275634766,406.5340881347656,344.98114013671875,721.091552734375,,,133.260986328125,185.45449829101562,,,,,,,,,470.49835205078125,644.0418090820312,553.045166015625,363.2231140136719,152.34902954101562,462.3041687011719,,,,,,,,,,,6.055780410766602,120.6181640625,,,387.99957275390625,72.09843444824219,23.81532859802246,324.8658142089844,410.9931640625,211.12010192871094,156.91014099121094,323.77178955078125,44.919532775878906,290.4598693847656,118.49065399169922,15.79403305053711,325.56256103515625,333.1512756347656,715.8508911132812,154.4407958984375,,,718.2293701171875,583.6270141601562,359.7120666503906,406.74755859375,459.3943176269531,158.2877960205078,,,741.5881958007812,486.8524169921875,518.5453491210938,385.2000427246094,723.3756103515625,106.40814208984375,,,,,,,885.47607421875,240.90533447265625,699.4283447265625,151.45310974121094,833.3599243164062,375.9421081542969,840.0328979492188,447.80987548828125,,,840.03955078125,657.05810546875,912.8905029296875,426.3460998535156,,,429.9521179199219,323.2421875,,,,,128.71395874023438,247.27810668945312,191.2416229248047,63.691123962402344,,,,,,,723.1079711914062,18.35910987854004,911.2990112304688,349.7745361328125,488.50628662109375,522.6619873046875,,,,,,,,,777.3933715820312,222.84603881835938,382.7970275878906,424.35467529296875,,,,,,,,,,,903.8038330078125,668.460205078125,,,,,52.286216735839844,93.96977996826172,505.656982421875,462.30657958984375,572.8732299804688,137.47593688964844,,,,,885.4778442382812,678.2911376953125,541.6428833007812,10.606298446655273,392.47021484375,353.822998046875,1004.75537109375,329.8877868652344,,,,,,,693.981689453125,654.7948608398438,405.7937316894531,615.7835693359375,253.920166015625,246.04864501953125,,,135.6249542236328,728.8628540039062,929.1677856445312,582.0787963867188
285.4438781738281,452.0859375,,,,,170.06362915039062,600.1827392578125,,,,,758.3131713867188,584.6070556640625,,,,,,,,,51.59758377075195,388.9601135253906,444.76171875,718.7848510742188,,,746.8439331054688,201.92276000976562,,,,,,,,,282.57476806640625,645.0763549804688,855.9788818359375,685.82666015625,167.05848693847656,451.7877197265625,,,,,,,,,,,30.52674674987793,109.21342468261719,,,387.43408203125,278.47552490234375,236.42396545410156,238.77658081054688,,,,,28.477214813232422,283.3702087402344,733.0877075195312,734.275146484375,717.1146240234375,190.5974578857422,,,,,678.0032958984375,581.5068359375,836.553466796875,307.4595947265625,,,,,458.3018493652344,324.3235778808594,497.1741638183594,361.8201904296875,359.4479675292969,424.78076171875,,,,,,,513.6276245117188,165.79452514648438,684.8458251953125,131.50120544433594,769.0504760742188,375.7299499511719,578.6045532226562,396.2799072265625,,,938.5311279296875,406.2392272949219,772.0222778320312,383.6539611816406,,,444.03759765625,279.0192565917969,,,,,,,,,,,,,,,910.7088623046875,16.17299461364746,266.97283935546875,206.3197021484375,464.4787292480469,466.45025634765625,,,,,,,,,346.0938720703125,185.35377502441406,385.23870849609375,387.8061218261719,,,,,,,,,,,650.62353515625,489.8206481933594,,,,,498.11865234375,80.61224365234375,95.83534240722656,6.345381736755371,608.9881591796875,110.60545349121094,,,,,883.0526123046875,646.9064331054688,291.8251037597656,324.7323913574219,56.85133361816406,306.2214660644531,272.2713317871094,256.7520446777344,,,,,,,296.57421875,634.0252075195312,154.89266967773438,549.8773193359375,386.6881103515625,110.96746826171875,,,549.0096435546875,717.4629516601562,280.7374572753906,571.513916015625
338.74273681640625,409.5954284667969,,,,,315.9055480957031,537.3128051757812,,,,,255.5785369873047,548.7291259765625,,,,,,,,,89.43600463867188,363.3179931640625,367.0165710449219,712.3089599609375,,,,,,,,,,,,,258.976318359375,642.6301879882812,851.0,708.1041870117188,370.70751953125,409.3525085449219,,,,,,,,,,,931.67724609375,445.8624267578125,,,544.4628295898438,405.4093322753906,267.7539367675781,226.3374786376953,,,,,295.9561462402344,249.61532592773438,,,925.2835083007812,148.2746124267578,,,,,705.2412109375,566.4730224609375,883.713623046875,299.70245361328125,,,,,434.5780944824219,303.8815612792969,515.4845581054688,345.9937438964844,838.9617309570312,365.303466796875,,,,,,,271.3994445800781,82.32067108154297,839.9146728515625,731.9999389648438,731.4033203125,366.5924987792969,593.1340942382812,361.3453063964844,,,304.57147216796875,392.6282653808594,971.757080078125,289.3507995605469,,,291.1190185546875,278.4255676269531,,,,,,,,,,,,,,,525.604248046875,364.0481872558594,,,446.4022216796875,460.556640625,,,,,,,,,322.7092590332031,181.58009338378906,236.8208770751953,191.91893005371094,,,,,,,,,,,653.5673217773438,395.7179260253906,,,,,528.4255981445312,60.90325164794922,665.2288208007812,88.15135192871094,608.8363037109375,31.36666488647461,,,,,162.0729217529297,604.8829956054688,,,92.08740997314453,275.2353515625,310.1986083984375,245.4365234375,,,,,,,410.2955322265625,484.8387451171875,924.7593383789062,483.4635009765625,666.2953491210938,98.60954284667969,,,533.6326293945312,707.3145141601562,734.6973266601562,451.262939453125
769.506103515625,190.4598388671875,,,,,659.5546875,536.4021606445312,,,,,195.92507934570312,516.582275390625,,,,,,,,,74.97595977783203,350.5708923339844,414.6544494628906,692.78271484375,,,,,,,,,,,,,246.45010375976562,633.2112426757812,,,582.610107421875,290.2721252441406,,,,,,,,,,,7.827597618103027,514.2802124023438,,,179.462158203125,213.36773681640625,296.042724609375,222.30218505859375,,,,,257.8830871582031,243.6914825439453,,,561.2799072265625,86.8101806640625,,,,,655.4547729492188,565.4701538085938,870.2719116210938,294.322265625,,,,,471.47528076171875,289.9382019042969,783.8291015625,170.44732666015625,426.2160949707031,298.7559814453125,,,,,,,285.0712890625,61.351219177246094,,,240.16371154785156,328.6280517578125,888.1184692382812,299.6795959472656,,,275.888916015625,383.40118408203125,594.8135375976562,256.3102722167969,,,996.337158203125,262.79974365234375,,,,,,,,,,,,,,,,,,,312.80224609375,401.91851806640625,,,,,,,,,355.02325439453125,168.7950897216797,616.0671997070312,154.87742614746094,,,,,,,,,,,,,,,,,244.2220458984375,59.596649169921875,,,622.7254638671875,27.09419822692871,,,,,643.412109375,582.3988647460938,,,364.55767822265625,214.95301818847656,103.01566314697266,238.12081909179688,,,,,,,198.44935607910156,436.926513671875,436.9046936035156,399.67474365234375,114.42466735839844,91.4068832397461,,,175.8688507080078,689.8347778320312,354.4606018066406,446.14068603515625
468.3536071777344,188.54869079589844,,,,,288.2900390625,526.8701171875,,,,,776.6259155273438,476.0418395996094,,,,,,,,,994.626953125,300.60321044921875,424.3299560546875,526.8677978515625,,,,,,,,,,,,,457.2572326660156,622.8062133789062,,,510.4164733886719,200.2039031982422,,,,,,,,,,,,,,,128.17080688476562,505.7478332519531,895.9168090820312,87.1706771850586,,,,,820.3519287109375,103.23470306396484,,,898.7149047851562,7.896130561828613,,,,,701.42724609375,555.047607421875,815.6094360351562,32.17844009399414,,,,,970.5726318359375,252.92002868652344,1007.9392700195312,167.60174560546875,972.558837890625,89.45686340332031,,,,,,,238.19837951660156,47.35565185546875,,,780.0645751953125,296.1643371582031,1005.80029296875,269.9122314453125,,,587.9111328125,348.3455810546875,563.510986328125,248.4052276611328,,,970.8251953125,27.198413848876953,,,,,,,,,,,,,,,,,,,363.94451904296875,358.4149169921875,,,,,,,,,273.44097900390625,164.77810668945312,601.9899291992188,127.55046844482422,,,,,,,,,,,,,,,,,208.39285278320312,40.347618103027344,,,1003.0359497070312,187.50233459472656,,,,,606.3538818359375,445.3705139160156,,,379.01165771484375,202.21701049804688,289.8016662597656,221.57691955566406,,,,,,,159.9027557373047,352.5422058105469,262.83917236328125,348.36944580078125,132.4779815673828,61.378173828125,,,25.04941177368164,635.1580200195312,204.90386962890625,435.1357727050781
749.1283569335938,175.520263671875,,,,,405.9383544921875,508.5351257324219,,,,,739.33154296875,460.4991760253906,,,,,,,,,191.28318786621094,293.2654113769531,776.7659912109375,454.8741455078125,,,,,,,,,,,,,273.9974365234375,617.1784057617188,,,244.193603515625,181.36837768554688,,,,,,,,,,,,,,,,,459.8885498046875,81.21807098388672,,,,,853.3582153320312,81.5679931640625,,,858.8980712890625,6.132771968841553,,,,,720.3988647460938,547.4658813476562,,,,,,,165.79249572753906,159.53775024414062,780.1639404296875,139.28030395507812,,,,,,,,,238.9158172607422,34.658077239990234,,,265.39666748046875,288.2943420410156,982.3209228515625,265.9830627441406,,,516.019287109375,340.3852844238281,590.7576904296875,220.65090942382812,,,160.66932678222656,714.4619140625,,,,,,,,,,,,,,,,,,,974.5712280273438,278.8700866699219,,,,,,,,,335.6340026855469,131.3510284423828,,,,,,,,,,,,,,,,,,,108.05270385742188,301.8994445800781,,,507.2425231933594,715.9442749023438,,,,,125.7763671875,324.7767333984375,,,492.9002990722656,194.8179931640625,309.19635009765625,754.7359619140625,,,,,,,419.0429992675781,98.80441284179688,449.34136962890625,147.72193908691406,223.13638305664062,327.1053161621094,,,40.246925354003906,631.8563232421875,211.2027587890625,405.20648193359375
425.4606018066406,173.18736267089844,,,,,441.303955078125,490.91851806640625,,,,,704.6437377929688,412.91534423828125,,,,,,,,,238.31666564941406,198.2470245361328,384.95831298828125,400.5746765136719,,,,,,,,,,,,,647.7907104492188,583.0252685546875,,,566.2454833984375,154.99081420898438,,,,,,,,,,,,,,,,,451.64715576171875,56.71892547607422,,,,,827.2691040039062,77.59329986572266,,,208.11187744140625,6.281313419342041,,,,,706.19775390625,535.7540893554688,,,,,,,145.7984619140625,141.69215393066406,354.3412780761719,14.582590103149414,,,,,,,,,288.69287109375,181.4893798828125,,,430.9783020019531,179.45188903808594,999.52294921875,231.65975952148438,,,609.843017578125,326.1264343261719,132.75057983398438,193.4305419921875,,,,,,,,,,,,,,,,,,,,,,,425.7782287597656,257.6333312988281,,,,,,,,,268.70220947265625,85.8142318725586,,,,,,,,,,,,,,,,,,,,,,,77.91971588134766,90.81715393066406,,,,,706.5913696289062,260.4064636230469,,,470.9106140136719,138.03858947753906,,,,,,,,,45.926292419433594,97.9866714477539,513.1735229492188,322.86669921875,167.46588134765625,473.4463806152344,,,453.76373291015625,562.7611694335938,479.1629943847656,251.10740661621094
606.5949096679688,170.5114288330078,,,,,410.27777099609375,443.5714416503906,,,,,562.0492553710938,262.6593017578125,,,,,,,,,235.71493530273438,166.66441345214844,351.77728271484375,379.58685302734375,,,,,,,,,,,,,672.2972412109375,575.4483032226562,,,424.6913757324219,20.584882736206055,,,,,,,,,,,,,,,,,420.7030029296875,31.339153289794922,,,,,845.5228271484375,48.65007019042969,,,,,,,,,127.21223449707031,444.90338134765625,,,,,,,575.9750366210938,79.84342956542969,246.92752075195312,758.1732177734375,,,,,,,,,,,,,552.59521484375,119.6770248413086,630.6187133789062,173.4691162109375,,,539.27197265625,253.15267944335938,156.40313720703125,185.9735565185547,,,,,,,,,,,,,,,,,,,,,,,1003.4912109375,244.27272033691406,,,,,,,,,454.9455871582031,72.97776794433594,,,,,,,,,,,,,,,,,,,,,,,562.5719604492188,576.71533203125,,,,,566.5125732421875,221.67514038085938,,,899.047119140625,73.60175323486328,,,,,,,,,414.8680419921875,56.022804260253906,,,916.0138549804688,591.2427978515625,,,545.7713623046875,528.718994140625,34.49955368041992,190.97329711914062
755.0774536132812,154.55679321289062,,,,,666.3171997070312,311.9164733886719,,,,,546.4576416015625,259.6451416015625,,,,,,,,,268.41778564453125,159.16458129882812,928.3226928710938,310.9042663574219,,,,,,,,,,,,,671.2578125,545.3062133789062,,,,,,,,,,,,,,,,,,,,,241.97467041015625,30.80623435974121,,,,,839.9007568359375,17.724842071533203,,,,,,,,,146.7328643798828,409.2851867675781,,,,,,,295.3108825683594,63.0543327331543,193.53530883789062,148.19309997558594,,,,,,,,,,,,,570.4990844726562,105.8666000366211,644.5576171875,170.0926055908203,,,525.07763671875,228.54502868652344,914.783935546875,639.2639770507812,,,,,,,,,,,,,,,,,,,,,,,389.88671875,236.7919158935547,,,,,,,,,176.76722717285156,7.641547679901123,,,,,,,,,,,,,,,,,,,,,,,,,,,,,578.090087890625,202.22164916992188,,,385.3310241699219,369.9336242675781,,,,,,,,,,,,,,,,,387.86077880859375,511.08984375,290.7617492675781,160.3258819580078
237.29537963867188,473.3641052246094,,,,,786.9005126953125,156.81024169921875,,,,,964.3668823242188,246.1319580078125,,,,,,,,,236.25694274902344,148.4385528564453,753.9999389648438,246.68492126464844,,,,,,,,,,,,,72.671875,528.7957153320312,,,,,,,,,,,,,,,,,,,,,222.35760498046875,19.845369338989258,,,,,,,,,,,,,,,764.9076538085938,378.51556396484375,,,,,,,526.8875122070312,59.86159133911133,,,,,,,,,,,,,,,771.436279296875,672.6436157226562,453.6516418457031,78.02320861816406,,,924.4483032226562,136.9849853515625,,,,,,,,,,,,,,,,,,,,,,,,,993.2823486328125,217.25465393066406,,,,,,,,,,,,,,,,,,,,,,,,,,,,,,,,,,,,,,,746.3121337890625,166.80889892578125,,,330.125,492.2864685058594,,,,,,,,,,,,,,,,,332.4925842285156,492.31451416015625,666.4427490234375,140.52200317382812
949.7965698242188,491.2639465332031,,,,,564.0208740234375,148.35374450683594,,,,,860.2449951171875,191.9663848876953,,,,,,,,,287.7843017578125,142.09271240234375,730.1879272460938,243.34909057617188,,,,,,,,,,,,,297.3885498046875,507.5201721191406,,,,,,,,,,,,,,,,,,,,,435.9283142089844,12.000597953796387,,,,,,,,,,,,,,,154.33627319335938,373.5321350097656,,,,,,,93.64535522460938,58.313079833984375,,,,,,,,,,,,,,,920.4544677734375,708.5862426757812,807.4800415039062,61.87750244140625,,,971.0352172851562,123.21263885498047,,,,,,,,,,,,,,,,,,,,,,,,,398.62615966796875,190.9283447265625,,,,,,,,,,,,,,,,,,,,,,,,,,,,,,,,,,,,,,,845.9896240234375,683.6163330078125,,,,,,,,,,,,,,,,,,,,,360.07403564453125,483.6839599609375,514.5673217773438,38.69820785522461
,,,,,,589.0938110351562,144.53468322753906,,,,,889.8773803710938,186.0852813720703,,,,,,,,,212.721923828125,138.69705200195312,118.5657730102539,233.2413330078125,,,,,,,,,,,,,395.74786376953125,490.45245361328125,,,,,,,,,,,,,,,,,,,,,,,,,,,,,,,,,,,,,940.648681640625,325.6809387207031,,,,,,,315.1839599609375,50.29607009887695,,,,,,,,,,,,,,,,,7.860544204711914,51.56122589111328,,,79.52623748779297,45.84564971923828,,,,,,,,,,,,,,,,,,,,,,,,,467.1155700683594,522.2473754882812,,,,,,,,,,,,,,,,,,,,,,,,,,,,,,,,,,,,,,,13.33155345916748,742.9614868164062,,,,,,,,,,,,,,,,,,,,,341.2642517089844,420.006103515625,317.64129638671875,469.3952331542969
,,,,,,578.0853881835938,143.9977264404297,,,,,871.4769287109375,170.34532165527344,,,,,,,,,240.4884796142578,119.51835632324219,786.4447631835938,230.2779541015625,,,,,,,,,,,,,256.22894287109375,424.5757751464844,,,,,,,,,,,,,,,,,,,,,,,,,,,,,,,,,,,,,894.2711181640625,75.82099151611328,,,,,,,74.58821868896484,46.675262451171875,,,,,,,,,,,,,,,,,821.0070190429688,45.52029800415039,,,36.38716125488281,9.384208679199219,,,,,,,,,,,,,,,,,,,,,,,,,413.0394287109375,484.5608215332031,,,,,,,,,,,,,,,,,,,,,,,,,,,,,,,,,,,,,,,,,,,,,,,,,,,,,,,,,,,,,756.3508911132812,191.72987365722656,,
,,,,,,548.2179565429688,130.94371032714844,,,,,840.113037109375,155.01559448242188,,,,,,,,,778.5035400390625,117.73905944824219,803.6144409179688,228.18496704101562,,,,,,,,,,,,,285.6838684082031,396.18487548828125,,,,,,,,,,,,,,,,,,,,,,,,,,,,,,,,,,,,,569.795654296875,37.642093658447266,,,,,,,564.88818359375,42.34648132324219,,,,,,,,,,,,,,,,,897.6865234375,37.855865478515625,,,944.1046142578125,422.0079650878906,,,,,,,,,,,,,,,,,,,,,,,,,467.89813232421875,268.83404541015625,,,,,,,,,,,,,,,,,,,,,,,,,,,,,,,,,,,,,,,,,,,,,,,,,,,,,,,,,,,,,171.42991638183594,114.89913940429688,,
,,,,,,605.36181640625,119.64265441894531,,,,,661.4500122070312,89.8528823852539,,,,,,,,,437.0092468261719,93.29985809326172,143.54879760742188,214.87210083007812,,,,,,,,,,,,,661.6234130859375,280.6518249511719,,,,,,,,,,,,,,,,,,,,,,,,,,,,,,,,,,,,,186.22499084472656,645.5845947265625,,,,,,,,,,,,,,,,,,,,,,,,,837.0098876953125,23.923309326171875,,,233.03030395507812,677.2070922851562,,,,,,,,,,,,,,,,,,,,,,,,,868.139404296875,622.16796875,,,,,,,,,,,,,,,,,,,,,,,,,,,,,,,,,,,,,,,,,,,,,,,,,,,,,,,,,,,,,176.537109375,76.93533325195312,,
,,,,,,614.5488891601562,108.39673614501953,,,,,663.2119140625,50.755462646484375,,,,,,,,,54.02614212036133,83.85928344726562,793.391357421875,199.68936157226562,,,,,,,,,,,,,413.888427734375,258.0974426269531,,,,,,,,,,,,,,,,,,,,,,,,,,,,,,,,,,,,,,,,,,,,,,,,,,,,,,,,,,,,,,,,,,,,,,,,,,,,,,,,,,,,,,,,,,,,,,,,,,,,,,,,,,,,,,,,,,,,,,,,,,,,,,,,,,,,,,,,,,,,,,,,,,,,,,,,,,,146.260986328125,93.65568542480469,,
,,,,,,590.6322021484375,102.22479248046875,,,,,,,,,,,,,,,59.140419006347656,63.83309555053711,142.4326171875,198.82476806640625,,,,,,,,,,,,,374.8046875,238.39678955078125,,,,,,,,,,,,,,,,,,,,,,,,,,,,,,,,,,,,,,,,,,,,,,,,,,,,,,,,,,,,,,,,,,,,,,,,,,,,,,,,,,,,,,,,,,,,,,,,,,,,,,,,,,,,,,,,,,,,,,,,,,,,,,,,,,,,,,,,,,,,,,,,,,,,,,,,,,,151.73919677734375,721.1712036132812,,
,,,,,,572.2299194335938,99.37446594238281,,,,,,,,,,,,,,,5.270439624786377,39.4130973815918,88.96043395996094,195.28280639648438,,,,,,,,,,,,,359.7292175292969,483.1965026855469,,,,,,,,,,,,,,,,,,,,,,,,,,,,,,,,,,,,,,,,,,,,,,,,,,,,,,,,,,,,,,,,,,,,,,,,,,,,,,,,,,,,,,,,,,,,,,,,,,,,,,,,,,,,,,,,,,,,,,,,,,,,,,,,,,,,,,,,,,,,,,,,,,,,,,,,,,,,,,
,,,,,,540.4373168945312,94.6642074584961,,,,,,,,,,,,,,,252.79034423828125,168.49810791015625,750.192626953125,162.02818298339844,,,,,,,,,,,,,,,,,,,,,,,,,,,,,,,,,,,,,,,,,,,,,,,,,,,,,,,,,,,,,,,,,,,,,,,,,,,,,,,,,,,,,,,,,,,,,,,,,,,,,,,,,,,,,,,,,,,,,,,,,,,,,,,,,,,,,,,,,,,,,,,,,,,,,,,,,,,,,,,,,,,,,,,,,,,,
,,,,,,732.8878784179688,86.23660278320312,,,,,,,,,,,,,,,769.4771118164062,132.82699584960938,144.66836547851562,123.61796569824219,,,,,,,,,,,,,,,,,,,,,,,,,,,,,,,,,,,,,,,,,,,,,,,,,,,,,,,,,,,,,,,,,,,,,,,,,,,,,,,,,,,,,,,,,,,,,,,,,,,,,,,,,,,,,,,,,,,,,,,,,,,,,,,,,,,,,,,,,,,,,,,,,,,,,,,,,,,,,,,,,,,,,,,,,,,,
,,,,,,997.0762329101562,475.0608825683594,,,,,,,,,,,,,,,,,533.3773193359375,22.76804542541504,,,,,,,,,,,,,,,,,,,,,,,,,,,,,,,,,,,,,,,,,,,,,,,,,,,,,,,,,,,,,,,,,,,,,,,,,,,,,,,,,,,,,,,,,,,,,,,,,,,,,,,,,,,,,,,,,,,,,,,,,,,,,,,,,,,,,,,,,,,,,,,,,,,,,,,,,,,,,,,,,,,,,,,,,,,,
,,,,,,,,,,,,,,,,,,,,,,,,355.48052978515625,3.5998964309692383,,,,,,,,,,,,,,,,,,,,,,,,,,,,,,,,,,,,,,,,,,,,,,,,,,,,,,,,,,,,,,,,,,,,,,,,,,,,,,,,,,,,,,,,,,,,,,,,,,,,,,,,,,,,,,,,,,,,,,,,,,,,,,,,,,,,,,,,,,,,,,,,,,,,,,,,,,,,,,,,,,,,,,,,,,,,
,,,,,,,,,,,,,,,,,,,,,,,,434.67071533203125,699.6281127929688,,,,,,,,,,,,,,,,,,,,,,,,,,,,,,,,,,,,,,,,,,,,,,,,,,,,,,,,,,,,,,,,,,,,,,,,,,,,,,,,,,,,,,,,,,,,,,,,,,,,,,,,,,,,,,,,,,,,,,,,,,,,,,,,,,,,,,,,,,,,,,,,,,,,,,,,,,,,,,,,,,,,,,,,,,,,
,,,,,,,,,,,,,,,,,,,,,,,,100.18855285644531,255.1634979248047,,,,,,,,,,,,,,,,,,,,,,,,,,,,,,,,,,,,,,,,,,,,,,,,,,,,,,,,,,,,,,,,,,,,,,,,,,,,,,,,,,,,,,,,,,,,,,,,,,,,,,,,,,,,,,,,,,,,,,,,,,,,,,,,,,,,,,,,,,,,,,,,,,,,,,,,,,,,,,,,,,,,,,,,,,,,
,,,,,,,,,,,,,,,,,,,,,,,,386.56451416015625,688.3555908203125,,,,,,,,,,,,,,,,,,,,,,,,,,,,,,,,,,,,,,,,,,,,,,,,,,,,,,,,,,,,,,,,,,,,,,,,,,,,,,,,,,,,,,,,,,,,,,,,,,,,,,,,,,,,,,,,,,,,,,,,,,,,,,,,,,,,,,,,,,,,,,,,,,,,,,,,,,,,,,,,,,,,,,,,,,,,
,,,,,,,,,,,,,,,,,,,,,,,,366.9072570800781,701.7011108398438,,,,,,,,,,,,,,,,,,,,,,,,,,,,,,,,,,,,,,,,,,,,,,,,,,,,,,,,,,,,,,,,,,,,,,,,,,,,,,,,,,,,,,,,,,,,,,,,,,,,,,,,,,,,,,,,,,,,,,,,,,,,,,,,,,,,,,,,,,,,,,,,,,,,,,,,,,,,,,,,,,,,,,,,,,,,
